{"Contract": 1.0198975555215386, "tenure": 0.3446283886273963, "MonthlyCharges": 0.24507730139183065, "OnlineSecurity": 0.23653449565697732, "InternetService": 0.19212392840635711, "TechSupport": 0.15646956114564273, "PaymentMethod": 0.15401224340098385, "PaperlessBilling": 0.09397603556101282, "TotalCharges": 0.06249651593450086, "MultipleLines": 0.0611053994910851, "StreamingMovies": 0.06019319274807616, "OnlineBackup": 0.057732522502541496, "SeniorCitizen": 0.03253144271222048, "StreamingTV": 0.02775680180431197, "Dependents": 0.016631677046611983, "PhoneService": 0.015055561127397074, "gender": 0.00886524252262167, "DeviceProtection": 0.0011233688844546992, "Partner": 0.0}